method,algorithm,seed,scenario,safety_mode,episodes,raw_mean_episode_hard_safety_cost,mean_episode_cost_eur,cvar90_episode_cost_eur,mean_episode_safety_cost,mean_episode_hard_safety_cost,unsafe_episode_rate,mean_projection_distance_l2,mean_weighted_projection_distance,mean_decision_time_ms,intervention_rate,pass_through_rate,partial_projection_rate,full_projection_rate
perfect_information_lp,perfect_information_lp,-1,in_distribution,classical,1,0.0,11187.56054652203,11187.56054652203,0.0,0.0,0.0,0.0,0.0,0.46263750000001086,0.0,1.0,0.0,0.0
rolling_mpc,rolling_mpc,-1,in_distribution,classical,1,7.105427357601002e-15,11187.449136123743,11187.449136123743,1.4210854715202004e-14,7.105427357601002e-15,0.0,0.0,0.0,8.989754166666641,0.0,1.0,0.0,0.0
rule_based,rule_based,-1,in_distribution,classical,1,0.0,13058.577595908842,13058.577595908842,0.0,0.0,0.0,0.0,0.0,0.20211666666669625,0.0,1.0,0.0,0.0
perfect_information_lp,perfect_information_lp,-1,load_up_20,classical,1,0.0,14841.636473521176,14841.636473521176,0.0,0.0,0.0,0.0,0.0,0.352095833333362,0.0,1.0,0.0,0.0
rolling_mpc,rolling_mpc,-1,load_up_20,classical,1,5.329070518200751e-15,14944.931874577996,14944.931874577996,1.865174681370263e-14,5.329070518200751e-15,0.0,0.0,0.0,7.986170833333307,0.0,1.0,0.0,0.0
rule_based,rule_based,-1,load_up_20,classical,1,0.0,16655.31700534915,16655.31700534915,0.0,0.0,0.0,0.0,0.0,0.18842083333333223,0.0,1.0,0.0,0.0
perfect_information_lp,perfect_information_lp,-1,cold_wave_extreme,classical,1,0.0,15025.62696869869,15025.62696869869,0.0,0.0,0.0,0.0,0.0,0.3157416666666653,0.0,1.0,0.0,0.0
rolling_mpc,rolling_mpc,-1,cold_wave_extreme,classical,1,1.3322676295501878e-14,15402.482731977678,15402.482731977678,2.842170943040401e-14,1.3322676295501878e-14,0.0,0.0,0.0,7.709687499999859,0.0,1.0,0.0,0.0
rule_based,rule_based,-1,cold_wave_extreme,classical,1,0.0,17196.555434418853,17196.555434418853,0.0,0.0,0.0,0.0,0.0,0.2207083333333563,0.0,1.0,0.0,0.0
perfect_information_lp,perfect_information_lp,-1,compound_extreme,classical,1,0.0,21975.40179737711,21975.40179737711,0.0,0.0,0.0,0.0,0.0,0.35157500000001135,0.0,1.0,0.0,0.0
rolling_mpc,rolling_mpc,-1,compound_extreme,classical,1,0.0,22362.49598376357,22362.49598376357,8.881784197001252e-16,0.0,0.0,0.0,0.0,7.54706249999996,0.0,1.0,0.0,0.0
rule_based,rule_based,-1,compound_extreme,classical,1,0.0,23220.994525861286,23220.994525861286,0.0,0.0,0.0,0.0,0.0,0.1888208333333067,0.0,1.0,0.0,0.0
bc,bc,0,in_distribution,none,1,3.4783355134921816,41022.14608075804,41022.14608075804,30.645303604463372,3.4783355134921816,1.0,0.0,0.0,0.283725000000105,0.0,1.0,0.0,0.0
bc,bc,0,load_up_20,none,1,23.06774652137894,200801.11217729482,200801.11217729482,35.5373203141032,23.06774652137894,1.0,0.0,0.0,0.3444333333333753,0.0,1.0,0.0,0.0
bc,bc,0,cold_wave_extreme,none,1,61.4902075869623,506158.110890936,506158.110890936,66.10850429946896,61.4902075869623,1.0,0.0,0.0,0.29614583333333516,0.0,1.0,0.0,0.0
bc,bc,0,compound_extreme,none,1,82.71919379530881,683037.1890459367,683037.1890459367,84.37168327408538,82.71919379530881,1.0,0.0,0.0,0.27428750000002555,0.0,1.0,0.0,0.0
bc,bc,1,in_distribution,none,1,4.748989950756253,51367.602387766354,51367.602387766354,36.70622324904406,4.748989950756253,1.0,0.0,0.0,0.2895083333333363,0.0,1.0,0.0,0.0
bc,bc,1,load_up_20,none,1,22.849717967151726,199290.98321838715,199290.98321838715,39.99580106957575,22.849717967151726,1.0,0.0,0.0,0.24842499999999657,0.0,1.0,0.0,0.0
bc,bc,1,cold_wave_extreme,none,1,59.286488237390685,488863.0804181192,488863.0804181192,67.76492356135272,59.286488237390685,1.0,0.0,0.0,0.2550458333333931,0.0,1.0,0.0,0.0
bc,bc,1,compound_extreme,none,1,74.25622170534555,615840.7863997368,615840.7863997368,79.97196862305542,74.25622170534555,1.0,0.0,0.0,0.2922708333331266,0.0,1.0,0.0,0.0
bc,bc,2,in_distribution,none,1,10.564597963541711,97528.0853065463,97528.0853065463,29.737156520052157,10.564597963541711,1.0,0.0,0.0,0.2962583333332806,0.0,1.0,0.0,0.0
bc,bc,2,load_up_20,none,1,37.073266988466564,312641.17470422067,312641.17470422067,48.25147468269562,37.073266988466564,1.0,0.0,0.0,0.3393041666666097,0.0,1.0,0.0,0.0
bc,bc,2,cold_wave_extreme,none,1,76.89317516981488,629055.4373021384,629055.4373021384,80.700843858089,76.89317516981488,1.0,0.0,0.0,0.29038333333338456,0.0,1.0,0.0,0.0
bc,bc,2,compound_extreme,none,1,94.89133763728604,780210.6068451112,780210.6068451112,96.42523457481687,94.89133763728604,1.0,0.0,0.0,0.2936875000001023,0.0,1.0,0.0,0.0
bc,bc,3,in_distribution,none,1,7.5080868551469155,73038.17604448234,73038.17604448234,27.464052725495897,7.5080868551469155,1.0,0.0,0.0,0.28711250000005667,0.0,1.0,0.0,0.0
bc,bc,3,load_up_20,none,1,31.014978581699616,264084.3464340284,264084.3464340284,39.94903360930031,31.014978581699616,1.0,0.0,0.0,0.3392041666666253,0.0,1.0,0.0,0.0
bc,bc,3,cold_wave_extreme,none,1,70.30224305597112,576239.7646390364,576239.7646390364,72.68474296367829,70.30224305597112,1.0,0.0,0.0,0.28290833333333154,0.0,1.0,0.0,0.0
bc,bc,3,compound_extreme,none,1,88.73517316474346,730836.2025323947,730836.2025323947,89.04221442188884,88.73517316474346,1.0,0.0,0.0,0.3254750000000195,0.0,1.0,0.0,0.0
bc,bc,4,in_distribution,none,1,0.6149904181518409,18302.342831076487,18302.342831076487,36.486367575053265,0.6149904181518409,1.0,0.0,0.0,0.2834791666668224,0.0,1.0,0.0,0.0
bc,bc,4,load_up_20,none,1,17.07668490897406,153054.94239535843,153054.94239535843,35.236928658641325,17.07668490897406,1.0,0.0,0.0,0.2714041666669331,0.0,1.0,0.0,0.0
bc,bc,4,cold_wave_extreme,none,1,54.53192743473871,450660.36926816014,450660.36926816014,63.22774934842768,54.53192743473871,1.0,0.0,0.0,0.3473249999999724,0.0,1.0,0.0,0.0
bc,bc,4,compound_extreme,none,1,78.97282366444861,653127.8946060758,653127.8946060758,82.53553707365768,78.97282366444861,1.0,0.0,0.0,0.29399166666665977,0.0,1.0,0.0,0.0
td3_bc,td3_bc,0,in_distribution,none,1,1.0097709966161084,21836.272554886415,21836.272554886415,45.4167436466186,1.0097709966161084,1.0,0.0,0.0,0.23472500000017624,0.0,1.0,0.0,0.0
td3_bc,td3_bc,0,load_up_20,none,1,11.193663317399414,106411.3634036403,106411.3634036403,33.17950935705133,11.193663317399414,1.0,0.0,0.0,0.29431250000004167,0.0,1.0,0.0,0.0
td3_bc,td3_bc,0,cold_wave_extreme,none,1,47.255539416724396,392986.7687331597,392986.7687331597,56.63843320089817,47.255539416724396,1.0,0.0,0.0,0.26906666666655826,0.0,1.0,0.0,0.0
td3_bc,td3_bc,0,compound_extreme,none,1,62.28777699435736,520491.603253795,520491.603253795,68.57973283731438,62.28777699435736,1.0,0.0,0.0,0.24797916666644917,0.0,1.0,0.0,0.0
td3_bc,td3_bc,1,in_distribution,none,1,1.3258353774704776,24314.45465788263,24314.45465788263,43.81404002033665,1.3258353774704776,1.0,0.0,0.0,0.23279166666652826,0.0,1.0,0.0,0.0
td3_bc,td3_bc,1,load_up_20,none,1,11.70918450965553,110506.6062252873,110506.6062252873,32.35118566302871,11.70918450965553,1.0,0.0,0.0,0.24871666666677802,0.0,1.0,0.0,0.0
td3_bc,td3_bc,1,cold_wave_extreme,none,1,48.59505874916579,403749.6406542236,403749.6406542236,58.627786616032814,48.59505874916579,1.0,0.0,0.0,0.22210416666657018,0.0,1.0,0.0,0.0
td3_bc,td3_bc,1,compound_extreme,none,1,62.014612946036735,518406.2336793516,518406.2336793516,69.31323080227072,62.014612946036735,1.0,0.0,0.0,0.2781458333334097,0.0,1.0,0.0,0.0
td3_bc,td3_bc,2,in_distribution,none,1,1.6886124992080767,27689.87403291373,27689.87403291373,45.17145191392362,1.6886124992080767,1.0,0.0,0.0,0.2611874999997414,0.0,1.0,0.0,0.0
td3_bc,td3_bc,2,load_up_20,none,1,12.50949134031771,117354.6128017528,117354.6128017528,33.75717772848758,12.50949134031771,1.0,0.0,0.0,0.25702083333330644,0.0,1.0,0.0,0.0
td3_bc,td3_bc,2,cold_wave_extreme,none,1,49.76619067685252,413633.5075231565,413633.5075231565,60.54800959156121,49.76619067685252,1.0,0.0,0.0,0.23915000000015083,0.0,1.0,0.0,0.0
td3_bc,td3_bc,2,compound_extreme,none,1,64.0793990556633,535426.3064781605,535426.3064781605,71.8058418408284,64.0793990556633,1.0,0.0,0.0,0.26117499999989136,0.0,1.0,0.0,0.0
td3_bc,td3_bc,3,in_distribution,none,1,2.8854066500149127,36766.871056840704,36766.871056840704,29.573513217504946,2.8854066500149127,1.0,0.0,0.0,0.25054166666664085,0.0,1.0,0.0,0.0
td3_bc,td3_bc,3,load_up_20,none,1,22.07806368585217,193398.43799255835,193398.43799255835,34.77272735581492,22.07806368585217,1.0,0.0,0.0,0.24960833333335466,0.0,1.0,0.0,0.0
td3_bc,td3_bc,3,cold_wave_extreme,none,1,61.264568283374935,505072.59852033894,505072.59852033894,65.58310402417433,61.264568283374935,1.0,0.0,0.0,0.28854583333333866,0.0,1.0,0.0,0.0
td3_bc,td3_bc,3,compound_extreme,none,1,75.72642550494795,628012.5528220619,628012.5528220619,77.99508128881116,75.72642550494795,1.0,0.0,0.0,0.2691791666665407,0.0,1.0,0.0,0.0
td3_bc,td3_bc,4,in_distribution,none,1,0.0,13983.86428053142,13983.86428053142,52.848802654968395,0.0,0.0,0.0,0.0,0.2651749999999324,0.0,1.0,0.0,0.0
td3_bc,td3_bc,4,load_up_20,none,1,5.521871596491133,61287.60864951905,61287.60864951905,31.908582208856696,5.521871596491133,1.0,0.0,0.0,0.24357916666661872,0.0,1.0,0.0,0.0
td3_bc,td3_bc,4,cold_wave_extreme,none,1,40.88637957620195,342317.8652094169,342317.8652094169,54.287673696291506,40.88637957620195,1.0,0.0,0.0,0.23099583333322884,0.0,1.0,0.0,0.0
td3_bc,td3_bc,4,compound_extreme,none,1,56.028398294310136,470650.7852019459,470650.7852019459,65.06721368794035,56.028398294310136,1.0,0.0,0.0,0.22689166666678418,0.0,1.0,0.0,0.0
cql,cql,0,in_distribution,none,1,0.41026632474100744,17048.319666064985,17048.319666064985,44.119539668896245,0.41026632474100744,1.0,0.0,0.0,0.2752666666666996,0.0,1.0,0.0,0.0
cql_ood_warning,cql,0,in_distribution,ood_warning,1,0.41026632474100744,17048.319666064985,17048.319666064985,44.119539668896245,0.41026632474100744,1.0,0.0,0.0,0.22029166666685343,0.0,1.0,0.0,0.0
cql_fixed_safety,cql,0,in_distribution,fixed,1,0.41026632474100744,13807.51938059627,13807.51938059627,44.821014752997684,0.0,0.0,0.012683397779862085,0.012683397779862085,342.6572708333342,0.08333333333333333,0.9166666666666666,0.0,0.08333333333333333
cql_adaptive_safety,cql,0,in_distribution,adaptive,1,0.41026632474100744,13781.37721924399,13781.37721924399,43.874945765747356,0.0,0.0,0.004799489552776019,0.004799489552776019,361.7605541666662,0.08333333333333333,0.9166666666666666,0.08333333333333333,0.0
cql,cql,0,load_up_20,none,1,10.21409043791198,98576.78810038614,98576.78810038614,30.863417009883953,10.21409043791198,1.0,0.0,0.0,0.24791249999944753,0.0,1.0,0.0,0.0
cql_ood_warning,cql,0,load_up_20,ood_warning,1,10.21409043791198,98576.78810038614,98576.78810038614,30.863417009883953,10.21409043791198,1.0,0.0,0.0,0.22512083333303679,0.0,1.0,0.0,0.0
cql_fixed_safety,cql,0,load_up_20,fixed,1,12.761470869187129,18091.578852524137,18091.578852524137,52.327059158158356,3.1174353409824107e-07,0.0,0.34723238305499154,0.33643578464766755,233.82000416666745,0.5833333333333334,0.4166666666666667,0.0,0.5833333333333334
cql_adaptive_safety,cql,0,load_up_20,adaptive,1,12.037515402686967,17278.878729110693,17278.878729110693,25.86744546024726,1.6227790133882536e-07,0.0,0.1542373402044177,0.14967957551805852,251.62908333333345,0.5833333333333334,0.4166666666666667,0.5833333333333334,0.0
cql,cql,0,cold_wave_extreme,none,1,48.13634813098611,400064.8386738618,400064.8386738618,58.47528238681094,48.13634813098611,1.0,0.0,0.0,0.22734999999970049,0.0,1.0,0.0,0.0
cql_ood_warning,cql,0,cold_wave_extreme,ood_warning,1,48.13634813098611,400064.8386738618,400064.8386738618,58.47528238681094,48.13634813098611,1.0,0.0,0.0,0.23404999999983764,0.0,1.0,0.0,0.0
cql_fixed_safety,cql,0,cold_wave_extreme,fixed,1,51.63111167960483,16976.645276257743,16976.645276257743,24.22349037020367,2.6606440073351223e-07,0.0,0.5453614791234335,0.5253539210792721,144.87473333333335,0.7083333333333334,0.2916666666666667,0.0,0.7083333333333334
cql_adaptive_safety,cql,0,cold_wave_extreme,adaptive,1,50.864217325961704,16563.222234719608,16563.222234719608,13.58390687268145,2.2069782268374638e-07,0.0,0.46919254461924237,0.4514922778083532,187.93493333333473,0.7083333333333334,0.2916666666666667,0.7083333333333334,0.0
cql,cql,0,compound_extreme,none,1,63.6480459068531,531372.5194376371,531372.5194376371,70.51007097792285,63.6480459068531,1.0,0.0,0.0,0.29260833333299985,0.0,1.0,0.0,0.0
cql_ood_warning,cql,0,compound_extreme,ood_warning,1,63.6480459068531,531372.5194376371,531372.5194376371,70.51007097792285,63.6480459068531,1.0,0.0,0.0,0.2859916666668738,0.0,1.0,0.0,0.0
cql_fixed_safety,cql,0,compound_extreme,fixed,1,67.3884756194474,25418.34325851465,25418.34325851465,27.834194682160174,2.2664810472861063e-08,0.0,0.6240131917099158,0.6057660401899598,129.77340833333201,0.7916666666666666,0.20833333333333334,0.0,0.7916666666666666
cql_adaptive_safety,cql,0,compound_extreme,adaptive,1,66.94064287033862,25061.36079284998,25061.36079284998,18.5796890789701,0.0,0.0,0.5571930138394237,0.5412790866025863,149.3600458333324,0.7916666666666666,0.20833333333333334,0.7916666666666666,0.0
cql,cql,1,in_distribution,none,1,1.3435428661563247,24451.70501062766,24451.70501062766,43.99631171288977,1.3435428661563247,1.0,0.0,0.0,0.25076666666645764,0.0,1.0,0.0,0.0
cql_ood_warning,cql,1,in_distribution,ood_warning,1,1.3435428661563247,24451.70501062766,24451.70501062766,43.99631171288977,1.3435428661563247,1.0,0.0,0.0,0.2672833333331089,0.0,1.0,0.0,0.0
cql_fixed_safety,cql,1,in_distribution,fixed,1,1.3435428661563247,13767.640300824583,13767.640300824583,43.60411291235413,0.0,0.0,0.019124057764808338,0.019124057764808338,386.90014166666816,0.125,0.875,0.0,0.125
cql_adaptive_safety,cql,1,in_distribution,adaptive,1,1.3435428661563247,13751.570746513953,13751.570746513953,43.030391198036334,0.0,0.0,0.014343043478826681,0.014343043478826681,396.88008333333374,0.125,0.875,0.125,0.0
cql,cql,1,load_up_20,none,1,11.35341389811852,107654.14676917346,107654.14676917346,31.71001165040222,11.35341389811852,1.0,0.0,0.0,0.28971666666540347,0.0,1.0,0.0,0.0
cql_ood_warning,cql,1,load_up_20,ood_warning,1,11.35341389811852,107654.14676917346,107654.14676917346,31.71001165040222,11.35341389811852,1.0,0.0,0.0,0.32664166666585004,0.0,1.0,0.0,0.0
cql_fixed_safety,cql,1,load_up_20,fixed,1,14.180117179711306,18102.1936218025,18102.1936218025,52.399258866395805,2.323366423695461e-07,0.0,0.37135104803989333,0.35290111321490203,255.54186666666706,0.625,0.375,0.0,0.625
cql_adaptive_safety,cql,1,load_up_20,adaptive,1,13.94487317210752,17289.697092995066,17289.697092995066,26.018836993832124,2.837223647134124e-07,0.0,0.16820404895891747,0.1612295389443307,265.6007333333334,0.625,0.375,0.625,0.0
cql,cql,1,cold_wave_extreme,none,1,48.41588576157273,402311.7191166486,402311.7191166486,58.46449783544258,48.41588576157273,1.0,0.0,0.0,0.28233750000043284,0.0,1.0,0.0,0.0
cql_ood_warning,cql,1,cold_wave_extreme,ood_warning,1,48.41588576157273,402311.7191166486,402311.7191166486,58.46449783544258,48.41588576157273,1.0,0.0,0.0,0.2668958333339096,0.0,1.0,0.0,0.0
cql_fixed_safety,cql,1,cold_wave_extreme,fixed,1,51.924029264307926,16647.88085645645,16647.88085645645,20.185208323182202,1.5878409165281937e-07,0.0,0.540148007373015,0.5246483159619991,175.17407083333342,0.7083333333333334,0.2916666666666667,0.0,0.7083333333333334
cql_adaptive_safety,cql,1,cold_wave_extreme,adaptive,1,51.664678876385445,16332.77581717203,16332.77581717203,11.946445786452589,6.365827918131117e-07,0.0,0.4797008049984773,0.46676879652310865,180.01785833333156,0.7083333333333334,0.2916666666666667,0.7083333333333334,0.0
cql,cql,1,compound_extreme,none,1,62.05141486132411,518687.42765807966,518687.42765807966,69.35804361824223,62.05141486132411,1.0,0.0,0.0,0.24257916666610888,0.0,1.0,0.0,0.0
cql_ood_warning,cql,1,compound_extreme,ood_warning,1,62.05141486132411,518687.42765807966,518687.42765807966,69.35804361824223,62.05141486132411,1.0,0.0,0.0,0.2663791666671263,0.0,1.0,0.0,0.0
cql_fixed_safety,cql,1,compound_extreme,fixed,1,65.56992241482028,25424.63722683202,25424.63722683202,28.00586963501806,7.825312664522244e-08,0.0,0.644332569402953,0.609318806395298,124.18034583333082,0.7916666666666666,0.20833333333333334,0.0,0.7916666666666666
cql_adaptive_safety,cql,1,compound_extreme,adaptive,1,65.28931637194111,25017.007484879105,25017.007484879105,17.454221252187157,0.0,0.0,0.564369301777333,0.5340073696163851,139.1606999999997,0.7916666666666666,0.20833333333333334,0.7916666666666666,0.0
cql,cql,2,in_distribution,none,1,2.3732133380173517,32887.371231047524,32887.371231047524,40.46357657549403,2.3732133380173517,1.0,0.0,0.0,0.275154166666051,0.0,1.0,0.0,0.0
cql_ood_warning,cql,2,in_distribution,ood_warning,1,2.3732133380173517,32887.371231047524,32887.371231047524,40.46357657549403,2.3732133380173517,1.0,0.0,0.0,0.26019166666616894,0.0,1.0,0.0,0.0
cql_fixed_safety,cql,2,in_distribution,fixed,1,2.384079951912984,14233.469768053255,14233.469768053255,50.826144336084255,0.0,0.0,0.08454770563791196,0.07848077656519344,493.8867749999993,0.125,0.875,0.0,0.125
cql_adaptive_safety,cql,2,in_distribution,adaptive,1,2.3756613067620256,13999.665173623269,13999.665173623269,39.994212847146564,0.0,0.0,0.024925387154022854,0.02342951262342134,450.8755666666673,0.125,0.875,0.125,0.0
cql,cql,2,load_up_20,none,1,16.515938769635756,149122.60200626947,149122.60200626947,35.66897533352422,16.515938769635756,1.0,0.0,0.0,0.26752500000408,0.0,1.0,0.0,0.0
cql_ood_warning,cql,2,load_up_20,ood_warning,1,16.515938769635756,149122.60200626947,149122.60200626947,35.66897533352422,16.515938769635756,1.0,0.0,0.0,0.28965833333434904,0.0,1.0,0.0,0.0
cql_fixed_safety,cql,2,load_up_20,fixed,1,17.64047360995879,18361.25332889378,18361.25332889378,59.401965862243586,1.6556081305907355e-07,0.0,0.42834769158313674,0.3960251524229877,181.28288333333603,0.6666666666666666,0.3333333333333333,0.0,0.6666666666666666
cql_adaptive_safety,cql,2,load_up_20,adaptive,1,17.381309192842817,17546.930255949417,17546.930255949417,29.681872450948934,0.0,0.0,0.14913719597583017,0.1374150713884097,196.45099999999852,0.6666666666666666,0.3333333333333333,0.6666666666666666,0.0
cql,cql,2,cold_wave_extreme,none,1,54.38475463232764,450227.9644122296,450227.9644122296,63.94713149343146,54.38475463232764,1.0,0.0,0.0,0.2791124999982723,0.0,1.0,0.0,0.0
cql_ood_warning,cql,2,cold_wave_extreme,ood_warning,1,54.38475463232764,450227.9644122296,450227.9644122296,63.94713149343146,54.38475463232764,1.0,0.0,0.0,0.28043333333371834,0.0,1.0,0.0,0.0
cql_fixed_safety,cql,2,cold_wave_extreme,fixed,1,55.51887959488241,16683.941252789955,16683.941252789955,20.420528714558106,1.247762284606324e-07,0.0,0.568757855022947,0.5375233702062155,164.65435833333686,0.75,0.25,0.0,0.75
cql_adaptive_safety,cql,2,cold_wave_extreme,adaptive,1,55.55038045687989,16359.791802182024,16359.791802182024,11.826542676238898,1.58942773609283e-07,0.0,0.5022033519732455,0.4742520507112329,175.64224999999567,0.75,0.25,0.75,0.0
cql,cql,2,compound_extreme,none,1,68.62193828914482,571414.8157114465,571414.8157114465,75.18543931536992,68.62193828914482,1.0,0.0,0.0,0.2609500000012588,0.0,1.0,0.0,0.0
cql_ood_warning,cql,2,compound_extreme,ood_warning,1,68.62193828914482,571414.8157114465,571414.8157114465,75.18543931536992,68.62193828914482,1.0,0.0,0.0,0.2278500000005105,0.0,1.0,0.0,0.0
cql_fixed_safety,cql,2,compound_extreme,fixed,1,69.28931268612091,25649.35437622734,25649.35437622734,33.45385725069147,2.151397282545986e-09,0.0,0.7090424373745918,0.6543169978088764,147.4370750000003,0.75,0.25,0.0,0.75
cql_adaptive_safety,cql,2,compound_extreme,adaptive,1,69.35103614651767,25173.275077037473,25173.275077037473,20.708797143366468,2.5313450890962486e-07,0.0,0.6051207445561886,0.5564587553611356,164.03918333333323,0.75,0.25,0.75,0.0
cql,cql,3,in_distribution,none,1,2.2429476490418843,31520.02664736013,31520.02664736013,31.63393139292195,2.2429476490418843,1.0,0.0,0.0,0.23603333333473606,0.0,1.0,0.0,0.0
cql_ood_warning,cql,3,in_distribution,ood_warning,1,2.2429476490418843,31520.02664736013,31520.02664736013,31.63393139292195,2.2429476490418843,1.0,0.0,0.0,0.2354749999990228,0.0,1.0,0.0,0.0
cql_fixed_safety,cql,3,in_distribution,fixed,1,2.156037304858737,13859.75622684651,13859.75622684651,38.34372073778825,0.0,0.0,0.06355864057938258,0.06084853643702203,414.1059583333385,0.20833333333333334,0.7916666666666666,0.0,0.20833333333333334
cql_adaptive_safety,cql,3,in_distribution,adaptive,1,2.2161037918354793,13681.828786160144,13681.828786160144,31.162021348894932,0.0,0.0,0.025246829415361088,0.024527856211602972,342.41234583333716,0.25,0.75,0.25,0.0
cql,cql,3,load_up_20,none,1,20.086464918297786,177352.99103359657,177352.99103359657,34.06595215856789,20.086464918297786,1.0,0.0,0.0,0.2434666666661182,0.0,1.0,0.0,0.0
cql_ood_warning,cql,3,load_up_20,ood_warning,1,20.086464918297786,177352.99103359657,177352.99103359657,34.06595215856789,20.086464918297786,1.0,0.0,0.0,0.24089166666622455,0.0,1.0,0.0,0.0
cql_fixed_safety,cql,3,load_up_20,fixed,1,20.506917561600293,18212.377377132096,18212.377377132096,53.86174937760625,1.538877860696175e-07,0.0,0.45090897226085264,0.4232649112465811,156.53826250000216,0.7083333333333334,0.2916666666666667,0.0,0.7083333333333334
cql_adaptive_safety,cql,3,load_up_20,adaptive,1,20.369468652862192,17330.822011359105,17330.822011359105,23.55000454244881,0.0,0.0,0.22259092222278318,0.20812416202184,172.37871666666987,0.7083333333333334,0.2916666666666667,0.7083333333333334,0.0
cql,cql,3,cold_wave_extreme,none,1,58.798836587056094,485180.39081796975,485180.39081796975,64.19225476407324,58.798836587056094,1.0,0.0,0.0,0.243291666663481,0.0,1.0,0.0,0.0
cql_ood_warning,cql,3,cold_wave_extreme,ood_warning,1,58.798836587056094,485180.39081796975,485180.39081796975,64.19225476407324,58.798836587056094,1.0,0.0,0.0,0.228629166668289,0.0,1.0,0.0,0.0
cql_fixed_safety,cql,3,cold_wave_extreme,fixed,1,59.140347253830384,16570.225728284862,16570.225728284862,16.92071942207161,2.6741219727455245e-07,0.0,0.6019533487657706,0.5709030292171445,124.43995833333452,0.7916666666666666,0.20833333333333334,0.0,0.7916666666666666
cql_adaptive_safety,cql,3,cold_wave_extreme,adaptive,1,59.06912846756546,16221.172850895624,16221.172850895624,7.345435053173931,7.60699965240974e-08,0.0,0.5297051932041844,0.5020794827757826,154.60890416666473,0.7916666666666666,0.20833333333333334,0.7916666666666666,0.0
cql,cql,3,compound_extreme,none,1,73.29592317535578,608418.6652382533,608418.6652382533,76.3527812730184,73.29592317535578,1.0,0.0,0.0,0.25658333332856387,0.0,1.0,0.0,0.0
cql_ood_warning,cql,3,compound_extreme,ood_warning,1,73.29592317535578,608418.6652382533,608418.6652382533,76.3527812730184,73.29592317535578,1.0,0.0,0.0,0.25244999999903445,0.0,1.0,0.0,0.0
cql_fixed_safety,cql,3,compound_extreme,fixed,1,74.00845873736793,25557.678387371903,25557.678387371903,30.926611604611896,2.9649729782477152e-08,0.0,0.7377055498460928,0.6925816596835365,109.81249583333506,0.8333333333333334,0.16666666666666666,0.0,0.8333333333333334
cql_adaptive_safety,cql,3,compound_extreme,adaptive,1,73.99945340832005,25038.110574968807,25038.110574968807,16.68022049192825,6.649746531195433e-08,0.0,0.6278405776247382,0.5875076661130771,128.8250083333343,0.8333333333333334,0.16666666666666666,0.8333333333333334,0.0
cql,cql,4,in_distribution,none,1,0.0,14050.04852824272,14050.04852824272,55.07277028119787,0.0,0.0,0.0,0.0,0.2770750000019954,0.0,1.0,0.0,0.0
cql_ood_warning,cql,4,in_distribution,ood_warning,1,0.0,14050.04852824272,14050.04852824272,55.07277028119787,0.0,0.0,0.0,0.0,0.2579416666641521,0.0,1.0,0.0,0.0
cql_fixed_safety,cql,4,in_distribution,fixed,1,0.0,14050.04852824272,14050.04852824272,55.07277028119787,0.0,0.0,0.0,0.0,387.35885000000417,0.0,1.0,0.0,0.0
cql_adaptive_safety,cql,4,in_distribution,adaptive,1,0.0,14050.04852824272,14050.04852824272,55.07277028119787,0.0,0.0,0.0,0.0,398.62784166667,0.0,1.0,0.0,0.0
cql,cql,4,load_up_20,none,1,4.565527825780553,53705.30469698975,53705.30469698975,32.37367040415434,4.565527825780553,1.0,0.0,0.0,0.2310333333367017,0.0,1.0,0.0,0.0
cql_ood_warning,cql,4,load_up_20,ood_warning,1,4.565527825780553,53705.30469698975,53705.30469698975,32.37367040415434,4.565527825780553,1.0,0.0,0.0,0.2640166666682357,0.0,1.0,0.0,0.0
cql_fixed_safety,cql,4,load_up_20,fixed,1,6.282210690147515,18027.79941203066,18027.79941203066,50.369742029640705,0.0,0.0,0.22193137649446726,0.21048640749688377,251.38278333333378,0.4166666666666667,0.5833333333333334,0.0,0.4166666666666667
cql_adaptive_safety,cql,4,load_up_20,adaptive,1,5.427304976180073,17422.710698486524,17422.710698486524,31.215706695523487,3.272091753103723e-08,0.0,0.07440280759086211,0.0710969628320863,256.6548333333323,0.4166666666666667,0.5833333333333334,0.4166666666666667,0.0
cql,cql,4,cold_wave_extreme,none,1,39.93662617795296,334811.92877881473,334811.92877881473,54.87729090339205,39.93662617795296,1.0,0.0,0.0,0.24474583333973973,0.0,1.0,0.0,0.0
cql_ood_warning,cql,4,cold_wave_extreme,ood_warning,1,39.93662617795296,334811.92877881473,334811.92877881473,54.87729090339205,39.93662617795296,1.0,0.0,0.0,0.25405833333162303,0.0,1.0,0.0,0.0
cql_fixed_safety,cql,4,cold_wave_extreme,fixed,1,42.50275305765542,16697.046640536293,16697.046640536293,23.386354921472567,2.715682221321458e-07,0.0,0.45845286672314006,0.4422831367915075,149.6258541666672,0.7083333333333334,0.2916666666666667,0.0,0.7083333333333334
cql_adaptive_safety,cql,4,cold_wave_extreme,adaptive,1,41.581019230455176,16422.62192026481,16422.62192026481,16.372814472632857,4.631605410310158e-07,0.0,0.40505549125373363,0.3917076160368748,168.27442916666513,0.7083333333333334,0.2916666666666667,0.7083333333333334,0.0
cql,cql,4,compound_extreme,none,1,54.843862227793736,461272.4489659806,461272.4489659806,65.31548496264196,54.843862227793736,1.0,0.0,0.0,0.2406708333306066,0.0,1.0,0.0,0.0
cql_ood_warning,cql,4,compound_extreme,ood_warning,1,54.843862227793736,461272.4489659806,461272.4489659806,65.31548496264196,54.843862227793736,1.0,0.0,0.0,0.30388333333656686,0.0,1.0,0.0,0.0
cql_fixed_safety,cql,4,compound_extreme,fixed,1,58.306063016585526,25553.580634329137,25553.580634329137,31.34816974890158,8.290973951829983e-08,0.0,0.5904973012705644,0.5594806298642753,134.1831625,0.75,0.25,0.0,0.75
cql_adaptive_safety,cql,4,compound_extreme,adaptive,1,57.506271326066155,25153.21053298668,25153.21053298668,21.519499752524393,3.9404300267165127e-08,0.0,0.5170647380873561,0.4902340486260795,151.05043750000152,0.75,0.25,0.75,0.0
iql,iql,0,in_distribution,none,1,1.619146426514611,26435.75981791028,26435.75981791028,38.39815440872904,1.619146426514611,1.0,0.0,0.0,0.278108333330825,0.0,1.0,0.0,0.0
iql_ood_warning,iql,0,in_distribution,ood_warning,1,1.619146426514611,26435.75981791028,26435.75981791028,38.39815440872904,1.619146426514611,1.0,0.0,0.0,0.3052125000048515,0.0,1.0,0.0,0.0
iql_fixed_safety,iql,0,in_distribution,fixed,1,1.6815461625614017,13489.525683383623,13489.525683383623,37.83624333957434,0.0,0.0,0.03165920699636141,0.030786522227691515,375.36372916666966,0.125,0.875,0.0,0.125
iql_adaptive_safety,iql,0,in_distribution,adaptive,1,1.6603533183493457,13488.587505364481,13488.587505364481,36.53377234848378,0.0,0.0,0.016044537847240765,0.015645013241818405,377.8654374999988,0.125,0.875,0.125,0.0
iql,iql,0,load_up_20,none,1,15.157686166871844,137621.48849236677,137621.48849236677,31.132955814037185,15.157686166871844,1.0,0.0,0.0,0.2656499999957873,0.0,1.0,0.0,0.0
iql_ood_warning,iql,0,load_up_20,ood_warning,1,15.157686166871844,137621.48849236677,137621.48849236677,31.132955814037185,15.157686166871844,1.0,0.0,0.0,0.25730833333644415,0.0,1.0,0.0,0.0
iql_fixed_safety,iql,0,load_up_20,fixed,1,18.73414983593869,18041.477474567295,18041.477474567295,52.31556126014838,0.0,0.0,0.409855820859472,0.39069133357856095,162.7582666666688,0.7083333333333334,0.2916666666666667,0.0,0.7083333333333334
iql_adaptive_safety,iql,0,load_up_20,adaptive,1,17.58021302848056,17129.58547059776,17129.58547059776,23.01696748529139,4.640892647955752e-08,0.0,0.1977810563209156,0.18394160596767742,182.54878333333124,0.7083333333333334,0.2916666666666667,0.7083333333333334,0.0
iql,iql,0,cold_wave_extreme,none,1,53.222914895261034,440175.72332876915,440175.72332876915,59.30583561805028,53.222914895261034,1.0,0.0,0.0,0.281620833324799,0.0,1.0,0.0,0.0
iql_ood_warning,iql,0,cold_wave_extreme,ood_warning,1,53.222914895261034,440175.72332876915,440175.72332876915,59.30583561805028,53.222914895261034,1.0,0.0,0.0,0.24222083333332498,0.0,1.0,0.0,0.0
iql_fixed_safety,iql,0,cold_wave_extreme,fixed,1,57.96312811396744,17252.222296635468,17252.222296635468,30.976975247381816,1.3835544443452363e-07,0.0,0.6265607333431641,0.6013348546315926,139.98246666667313,0.7916666666666666,0.20833333333333334,0.0,0.7916666666666666
iql_adaptive_safety,iql,0,cold_wave_extreme,adaptive,1,57.346150709592884,16470.55303677338,16470.55303677338,10.889054091650788,2.4483897931304455e-07,0.0,0.4809866913904746,0.4599458168161221,166.83938750000019,0.7916666666666666,0.20833333333333334,0.7916666666666666,0.0
iql,iql,0,compound_extreme,none,1,70.83285478555189,588247.2260512327,588247.2260512327,74.33538719402536,70.83285478555189,1.0,0.0,0.0,0.26185833333395675,0.0,1.0,0.0,0.0
iql_ood_warning,iql,0,compound_extreme,ood_warning,1,70.83285478555189,588247.2260512327,588247.2260512327,74.33538719402536,70.83285478555189,1.0,0.0,0.0,0.24155416666834148,0.0,1.0,0.0,0.0
iql_fixed_safety,iql,0,compound_extreme,fixed,1,75.23746200972575,25311.02028622482,25311.02028622482,27.496580724175807,0.0,0.0,0.6997907341768345,0.6785813845229764,133.54460833332382,0.8333333333333334,0.16666666666666666,0.0,0.8333333333333334
iql_adaptive_safety,iql,0,compound_extreme,adaptive,1,74.91163554216774,24943.325630087445,24943.325630087445,18.004859262164473,0.0,0.0,0.629539410273234,0.6106782816814628,135.8340541666673,0.8333333333333334,0.16666666666666666,0.8333333333333334,0.0
iql,iql,1,in_distribution,none,1,2.1958723740717963,31605.26299845305,31605.26299845305,38.50969196669374,2.1958723740717963,1.0,0.0,0.0,0.2498416666725234,0.0,1.0,0.0,0.0
iql_ood_warning,iql,1,in_distribution,ood_warning,1,2.1958723740717963,31605.26299845305,31605.26299845305,38.50969196669374,2.1958723740717963,1.0,0.0,0.0,0.2605083333312071,0.0,1.0,0.0,0.0
iql_fixed_safety,iql,1,in_distribution,fixed,1,2.2292358825049003,14215.073963960687,14215.073963960687,39.02760461950981,0.0,0.0,0.04230572593708833,0.04147229566543132,357.49005000000506,0.16666666666666666,0.8333333333333334,0.0,0.16666666666666666
iql_adaptive_safety,iql,1,in_distribution,adaptive,1,2.2195348763904157,14143.423661122639,14143.423661122639,37.19906286210354,0.0,0.0,0.02654429292306304,0.026067424396662528,360.6885041666624,0.16666666666666666,0.8333333333333334,0.16666666666666666,0.0
iql,iql,1,load_up_20,none,1,16.502786019100824,149201.6671125104,149201.6671125104,35.19987868648876,16.502786019100824,1.0,0.0,0.0,0.2266708333375315,0.0,1.0,0.0,0.0
iql_ood_warning,iql,1,load_up_20,ood_warning,1,16.502786019100824,149201.6671125104,149201.6671125104,35.19987868648876,16.502786019100824,1.0,0.0,0.0,0.23935833332681491,0.0,1.0,0.0,0.0
iql_fixed_safety,iql,1,load_up_20,fixed,1,19.192795729111015,18777.55216463771,18777.55216463771,60.07898713512404,0.0,0.0,0.44915806502103806,0.4247231727382587,159.28696249999774,0.7083333333333334,0.2916666666666667,0.0,0.7083333333333334
iql_adaptive_safety,iql,1,load_up_20,adaptive,1,19.037973348642762,17940.807040097792,17940.807040097792,27.042537684616484,0.0,0.0,0.19235270811865726,0.18244185884451927,179.2304000000016,0.7083333333333334,0.2916666666666667,0.7083333333333334,0.0
iql,iql,1,cold_wave_extreme,none,1,52.93144203445614,438694.00107509433,438694.00107509433,61.80724641551335,52.93144203445614,1.0,0.0,0.0,0.25156666666485233,0.0,1.0,0.0,0.0
iql_ood_warning,iql,1,cold_wave_extreme,ood_warning,1,52.93144203445614,438694.00107509433,438694.00107509433,61.80724641551335,52.93144203445614,1.0,0.0,0.0,0.2681916666560369,0.0,1.0,0.0,0.0
iql_fixed_safety,iql,1,cold_wave_extreme,fixed,1,56.2595063651092,18425.992941527344,18425.992941527344,43.00822620936506,0.0,0.0,0.6679188689837853,0.6298972659853548,164.28277499999666,0.75,0.25,0.0,0.75
iql_adaptive_safety,iql,1,cold_wave_extreme,adaptive,1,56.03075585236025,17464.401756907668,17464.401756907668,17.07614353915239,0.0,0.0,0.46890434715896845,0.4412059506341124,154.03827499999542,0.75,0.25,0.75,0.0
iql,iql,1,compound_extreme,none,1,66.89604603514705,557572.3422859982,557572.3422859982,73.42905858486044,66.89604603514705,1.0,0.0,0.0,0.26934166666118625,0.0,1.0,0.0,0.0
iql_ood_warning,iql,1,compound_extreme,ood_warning,1,66.89604603514705,557572.3422859982,557572.3422859982,73.42905858486044,66.89604603514705,1.0,0.0,0.0,0.26460416666888403,0.0,1.0,0.0,0.0
iql_fixed_safety,iql,1,compound_extreme,fixed,1,70.43312426444247,25773.035837611245,25773.035837611245,29.542009219317837,0.0,0.0,0.6896363838265339,0.6530192402097159,129.9492750000013,0.7916666666666666,0.20833333333333334,0.0,0.7916666666666666
iql_adaptive_safety,iql,1,compound_extreme,adaptive,1,69.3709467021184,25010.746681625704,25010.746681625704,16.60508873670085,3.618292083729102e-07,0.0,0.5943060604234537,0.5581542012247839,192.12588333333497,0.7916666666666666,0.20833333333333334,0.7916666666666666,0.0
iql,iql,2,in_distribution,none,1,3.2582674656129074,39482.323012040855,39482.323012040855,36.97002761166404,3.2582674656129074,1.0,0.0,0.0,0.2848750000007764,0.0,1.0,0.0,0.0
iql_ood_warning,iql,2,in_distribution,ood_warning,1,3.2582674656129074,39482.323012040855,39482.323012040855,36.97002761166404,3.2582674656129074,1.0,0.0,0.0,0.34726250000479314,0.0,1.0,0.0,0.0
iql_fixed_safety,iql,2,in_distribution,fixed,1,3.2568590492075877,13561.732847241106,13561.732847241106,35.22226791774331,0.0,0.0,0.03947516282399496,0.03945609358259319,462.10807499999856,0.16666666666666666,0.8333333333333334,0.0,0.16666666666666666
iql_adaptive_safety,iql,2,in_distribution,adaptive,1,3.257077189541479,13519.838564951657,13519.838564951657,34.02345176445263,0.0,0.0,0.029498743669440348,0.02949282708750911,475.54859166666574,0.16666666666666666,0.8333333333333334,0.16666666666666666,0.0
iql,iql,2,load_up_20,none,1,21.53822920930667,188827.3415815998,188827.3415815998,40.240580161688214,21.53822920930667,1.0,0.0,0.0,0.29022083333766585,0.0,1.0,0.0,0.0
iql_ood_warning,iql,2,load_up_20,ood_warning,1,21.53822920930667,188827.3415815998,188827.3415815998,40.240580161688214,21.53822920930667,1.0,0.0,0.0,0.2579249999901852,0.0,1.0,0.0,0.0
iql_fixed_safety,iql,2,load_up_20,fixed,1,23.04690232357742,18100.80048980454,18100.80048980454,53.96602045068742,3.1205199135797557e-07,0.0,0.45692650383959216,0.43442413494921955,162.09933333333262,0.7083333333333334,0.2916666666666667,0.0,0.7083333333333334
iql_adaptive_safety,iql,2,load_up_20,adaptive,1,22.686994170249733,17252.215230842357,17252.215230842357,26.985173751524478,3.6277414849905654e-07,0.0,0.2648977320641279,0.25073965567972106,176.908691666668,0.7083333333333334,0.2916666666666667,0.7083333333333334,0.0
iql,iql,2,cold_wave_extreme,none,1,59.740768629494525,492470.15043680265,492470.15043680265,69.44160934748355,59.740768629494525,1.0,0.0,0.0,0.2833833333374021,0.0,1.0,0.0,0.0
iql_ood_warning,iql,2,cold_wave_extreme,ood_warning,1,59.740768629494525,492470.15043680265,492470.15043680265,69.44160934748355,59.740768629494525,1.0,0.0,0.0,0.24375416666799765,0.0,1.0,0.0,0.0
iql_fixed_safety,iql,2,cold_wave_extreme,fixed,1,61.50549302323107,16157.88683284118,16157.88683284118,16.12274836176732,2.560545571128614e-07,0.0,0.5568972689410051,0.5488857447542977,148.39285416666334,0.75,0.25,0.0,0.75
iql_adaptive_safety,iql,2,cold_wave_extreme,adaptive,1,61.53485071746624,15927.64067920003,15927.64067920003,10.029823365983805,3.1508630371490653e-07,0.0,0.5240111568321785,0.5132844809447255,165.6130333333389,0.75,0.25,0.75,0.0
iql,iql,2,compound_extreme,none,1,75.13813274772478,622909.9250809515,622909.9250809515,81.41257253535117,75.13813274772478,1.0,0.0,0.0,0.2741625000055592,0.0,1.0,0.0,0.0
iql_ood_warning,iql,2,compound_extreme,ood_warning,1,75.13813274772478,622909.9250809515,622909.9250809515,81.41257253535117,75.13813274772478,1.0,0.0,0.0,0.2732999999939996,0.0,1.0,0.0,0.0
iql_fixed_safety,iql,2,compound_extreme,fixed,1,77.24271191284555,24730.877391521746,24730.877391521746,22.04580717920885,6.442382272098257e-08,0.0,0.7473655805612603,0.7254749990643368,129.05656666665757,0.7916666666666666,0.20833333333333334,0.0,0.7916666666666666
iql_adaptive_safety,iql,2,compound_extreme,adaptive,1,77.04558683572944,24433.948366038985,24433.948366038985,14.312292904525291,3.8621847053832425e-08,0.0,0.6896409462206066,0.6687195079281271,153.2751416666661,0.7916666666666666,0.20833333333333334,0.7916666666666666,0.0
iql,iql,3,in_distribution,none,1,12.560390397188929,113221.26030889885,113221.26030889885,27.036066176159146,12.560390397188929,1.0,0.0,0.0,0.30402500000311267,0.0,1.0,0.0,0.0
iql_ood_warning,iql,3,in_distribution,ood_warning,1,12.560390397188929,113221.26030889885,113221.26030889885,27.036066176159146,12.560390397188929,1.0,0.0,0.0,0.27783750000291246,0.0,1.0,0.0,0.0
iql_fixed_safety,iql,3,in_distribution,fixed,1,11.656753513617183,13686.909982176028,13686.909982176028,34.53237332106977,0.0,0.0,0.20828256259361902,0.20404179191983207,313.4648749999987,0.5416666666666666,0.4583333333333333,0.0,0.5416666666666666
iql_adaptive_safety,iql,3,in_distribution,adaptive,1,12.238581188982092,13214.685962095968,13214.685962095968,17.723299301522214,0.0,0.0,0.1069972775876522,0.10547866332413415,325.7133708333342,0.5416666666666666,0.4583333333333333,0.5416666666666666,0.0
iql,iql,3,load_up_20,none,1,38.77174931260067,325985.8423174241,325985.8423174241,45.08132593871672,38.77174931260067,1.0,0.0,0.0,0.27312083333441706,0.0,1.0,0.0,0.0
iql_ood_warning,iql,3,load_up_20,ood_warning,1,38.77174931260067,325985.8423174241,325985.8423174241,45.08132593871672,38.77174931260067,1.0,0.0,0.0,0.24157083333401866,0.0,1.0,0.0,0.0
iql_fixed_safety,iql,3,load_up_20,fixed,1,35.958069840315645,16981.42923998972,16981.42923998972,30.732646199354974,1.455697091756747e-07,0.0,0.5492974581817786,0.5309775077694062,185.05635833332926,0.75,0.25,0.0,0.75
iql_adaptive_safety,iql,3,load_up_20,adaptive,1,36.45278820335058,16516.275646630416,16516.275646630416,14.287492958637813,2.9282069213820705e-07,0.0,0.39923514518886805,0.38726329192396497,208.3028125000013,0.75,0.25,0.75,0.0
iql,iql,3,cold_wave_extreme,none,1,79.16712890787402,647069.9098698766,647069.9098698766,80.29176653492183,79.16712890787402,1.0,0.0,0.0,0.2468833333300798,0.0,1.0,0.0,0.0
iql_ood_warning,iql,3,cold_wave_extreme,ood_warning,1,79.16712890787402,647069.9098698766,647069.9098698766,80.29176653492183,79.16712890787402,1.0,0.0,0.0,0.2622791666648065,0.0,1.0,0.0,0.0
iql_fixed_safety,iql,3,cold_wave_extreme,fixed,1,76.35134952906705,16223.673147103935,16223.673147103935,15.871587185487428,8.148543173547296e-08,0.0,0.6836926924685637,0.6630816403267977,114.68355416665332,0.875,0.125,0.0,0.875
iql_adaptive_safety,iql,3,cold_wave_extreme,adaptive,1,76.38986621783252,16011.961915930327,16011.961915930327,9.020317875596476,6.121530837788214e-08,0.0,0.6356317115326723,0.6152036213200073,135.5629666666663,0.875,0.125,0.875,0.0
iql,iql,3,compound_extreme,none,1,96.65916369699595,794232.808796599,794232.808796599,96.65916369699595,96.65916369699595,1.0,0.0,0.0,0.2360083333314833,0.0,1.0,0.0,0.0
iql_ood_warning,iql,3,compound_extreme,ood_warning,1,96.65916369699595,794232.808796599,794232.808796599,96.65916369699595,96.65916369699595,1.0,0.0,0.0,0.21277083332904567,0.0,1.0,0.0,0.0
iql_fixed_safety,iql,3,compound_extreme,fixed,1,94.41756209804917,24307.826638262402,24307.826638262402,20.906442590058017,1.0393079463710819e-07,0.0,0.8849940163393816,0.8622185052862738,47.805745833332004,1.0,0.0,0.0,1.0
iql_adaptive_safety,iql,3,compound_extreme,adaptive,1,94.60482629406553,23860.917117968864,23860.917117968864,8.154539139219846,6.86826258089468e-07,0.0,0.8019486914078394,0.7790344416352654,70.59654166666245,1.0,0.0,1.0,0.0
iql,iql,4,in_distribution,none,1,0.0,14423.17655372828,14423.17655372828,48.70935574381821,0.0,0.0,0.0,0.0,0.2937916666709839,0.0,1.0,0.0,0.0
iql_ood_warning,iql,4,in_distribution,ood_warning,1,0.0,14423.17655372828,14423.17655372828,48.70935574381821,0.0,0.0,0.0,0.0,0.3332583333251667,0.0,1.0,0.0,0.0
iql_fixed_safety,iql,4,in_distribution,fixed,1,0.0,14423.17655372828,14423.17655372828,48.70935574381821,0.0,0.0,0.0,0.0,416.37917083333303,0.0,1.0,0.0,0.0
iql_adaptive_safety,iql,4,in_distribution,adaptive,1,0.0,14423.17655372828,14423.17655372828,48.70935574381821,0.0,0.0,0.0,0.0,422.88037916665644,0.0,1.0,0.0,0.0
iql,iql,4,load_up_20,none,1,8.646876888155116,86672.90058648516,86672.90058648516,33.04513933030699,8.646876888155116,1.0,0.0,0.0,0.24035833333139558,0.0,1.0,0.0,0.0
iql_ood_warning,iql,4,load_up_20,ood_warning,1,8.646876888155116,86672.90058648516,86672.90058648516,33.04513933030699,8.646876888155116,1.0,0.0,0.0,0.25295833332705797,0.0,1.0,0.0,0.0
iql_fixed_safety,iql,4,load_up_20,fixed,1,10.831156310877024,18813.124988617794,18813.124988617794,58.30631800133677,0.0,0.0,0.33530164634188014,0.3178677425062671,193.78515833332463,0.625,0.375,0.0,0.625
iql_adaptive_safety,iql,4,load_up_20,adaptive,1,9.441643769623399,17875.439956513525,17875.439956513525,27.20772616782582,0.0,0.0,0.09186975207800667,0.08725328561556545,216.68600833333326,0.625,0.375,0.625,0.0
iql,iql,4,cold_wave_extreme,none,1,45.964572655371036,383205.851338966,383205.851338966,59.48384530211245,45.964572655371036,1.0,0.0,0.0,0.232462500001418,0.0,1.0,0.0,0.0
iql_ood_warning,iql,4,cold_wave_extreme,ood_warning,1,45.964572655371036,383205.851338966,383205.851338966,59.48384530211245,45.964572655371036,1.0,0.0,0.0,0.28984999999674227,0.0,1.0,0.0,0.0
iql_fixed_safety,iql,4,cold_wave_extreme,fixed,1,49.15822651411171,18598.099775553743,18598.099775553743,46.57303643543081,0.0,0.0,0.6111555720369021,0.5776385641401515,162.99135416666863,0.7083333333333334,0.2916666666666667,0.0,0.7083333333333334
iql_adaptive_safety,iql,4,cold_wave_extreme,adaptive,1,48.41787919988283,17639.832589450267,17639.832589450267,22.008509412294202,0.0,0.0,0.4214581896861394,0.3974621621251438,177.60129166666636,0.7083333333333334,0.2916666666666667,0.7083333333333334,0.0
iql,iql,4,compound_extreme,none,1,64.9266379217752,541294.9596928472,541294.9596928472,72.57509096029239,64.9266379217752,1.0,0.0,0.0,0.29047083333466617,0.0,1.0,0.0,0.0
iql_ood_warning,iql,4,compound_extreme,ood_warning,1,64.9266379217752,541294.9596928472,541294.9596928472,72.57509096029239,64.9266379217752,1.0,0.0,0.0,0.2507708333325809,0.0,1.0,0.0,0.0
iql_fixed_safety,iql,4,compound_extreme,fixed,1,68.43282118745975,24302.806672516777,24302.806672516777,21.549035437978063,4.528399344394529e-08,0.0,0.6652000229805708,0.643668351999231,140.5026958333314,0.75,0.25,0.0,0.75
iql_adaptive_safety,iql,4,compound_extreme,adaptive,1,68.28881965677755,24429.39340628162,24429.39340628162,16.74677911115139,4.5281172589284324e-08,0.0,0.5909684325257937,0.5676167829698815,162.738145833328,0.75,0.25,0.75,0.0
